ts,uid,id.orig_h,id.orig_p,id.resp_h,id.resp_p,host,url
2024-09-22T21:41:49-0600,CE3bb93Wgl224QIAP6,10.11.75.222,1034,10.11.76.25,25,0xf20b415.ru,http://0xf20b415.ru
2024-09-22T21:41:49-0600,CkL5DDe6HSy6oiyVc,10.11.75.222,1044,10.11.76.25,25,13194.funian.life,http://13194.funian.life
2024-09-22T21:41:49-0600,CARr6K2MKecn5mi2Qg,10.11.75.222,1054,10.11.76.25,25,139520.aioc.qbgxl.com,http://139520.aioc.qbgxl.com
2024-09-22T21:41:49-0600,C08QOw3UpcjAP4Emff,10.11.75.222,1064,10.11.76.25,25,1717.1000uc.com,http://1717.1000uc.com
2024-09-22T21:41:49-0600,CL78Xe4CMXN5RFIKQj,10.11.75.222,1074,10.11.76.25,25,2.haory.cn,http://2.haory.cn
2024-09-22T21:41:49-0600,C9tDTb4kFVE4LgDabh,10.11.75.222,1084,10.11.76.25,25,360down7.miiyun.cn,http://360down7.miiyun.cn
2024-09-22T21:41:49-0600,ClnzMl3tOLHZWXe3t,10.11.75.222,1094,10.11.76.25,25,abissnet.net,http://abissnet.net
2024-09-22T21:41:49-0600,C8365P26p2mBkSIQtf,10.11.75.222,1104,10.11.76.25,25,absa.ceprone.com,http://absa.ceprone.com
2024-09-22T21:41:49-0600,CvSwFK1Yr4TrsqgPli,10.11.75.222,1114,10.11.76.25,25,acknowledgementforproject.com,http://acknowledgementforproject.com
2024-09-22T21:41:49-0600,C3U2tM3FysvQczMzqf,10.11.75.222,1124,10.11.76.25,25,adf6.adf6.com,http://adf6.adf6.com
2024-09-22T21:41:49-0600,CQsiwN11tgQgvQncdc,10.11.75.222,1134,10.11.76.25,25,admin.antharris.top,http://admin.antharris.top
2024-09-22T21:41:49-0600,C59zzl1I2zdQUYShG3,10.11.75.222,1144,10.11.76.25,25,admin.econ.gg,http://admin.econ.gg
2024-09-22T21:41:49-0600,CZCyeN3DPuvNA31Amg,10.11.75.222,1154,10.11.76.25,25,aefieiaehfiaehr.top,http://aefieiaehfiaehr.top
2024-09-22T21:41:49-0600,CEeBDj2QkDpdKFnrnh,10.11.75.222,1164,10.11.76.25,25,aeufoeahfouefhg.top,http://aeufoeahfouefhg.top
2024-09-22T21:41:49-0600,COMHlW2Krl3hv4olPk,10.11.75.222,1174,10.11.76.25,25,af.peertube.red,http://af.peertube.red
2024-09-22T21:41:49-0600,CrqHgu1rfqyXvZREU4,10.11.75.222,1184,10.11.76.25,25,aiiaiafrzrueuedur.net,http://aiiaiafrzrueuedur.net
2024-09-22T21:41:49-0600,C3nBvwJuZZd71qFh2,10.11.75.222,1194,10.11.76.25,25,airbluefootgear.com,http://airbluefootgear.com
2024-09-22T21:41:49-0600,Cq9mK315GPQKVzV9Ac,10.11.75.222,1204,10.11.76.25,25,airhobi.com,http://airhobi.com
2024-09-22T21:41:49-0600,CckrpM1OHdr6TWo5ti,10.11.75.222,1214,10.11.76.25,25,ajp.ceprone.com,http://ajp.ceprone.com
2024-09-22T21:41:50-0600,CRyrjs2nWfLhPYjzKj,10.11.75.222,1224,10.11.76.25,25,aldiablo.cl,http://aldiablo.cl
2024-09-22T21:41:50-0600,C09YMI2xgl422T2Quk,10.11.75.222,1234,10.11.76.25,25,almrwad.com,http://almrwad.com
2024-09-22T21:41:50-0600,CfZZLr4ACPEbughkS7,10.11.75.222,1244,10.11.76.25,25,alsadekllc.com,http://alsadekllc.com
2024-09-22T21:41:50-0600,Ck7o36HJMXUksuRc6,10.11.75.222,1254,10.11.76.25,25,ambiencetivertonn.com,http://ambiencetivertonn.com
2024-09-22T21:41:50-0600,CkBdwD2pHvrSAtgw6g,10.11.75.222,1264,10.11.76.25,25,ambyverce.com,http://ambyverce.com
2024-09-22T21:41:50-0600,CLLDtG4VyTOUDYM6Uj,10.11.75.222,1274,10.11.76.25,25,amiguinhos.ceprone.com,http://amiguinhos.ceprone.com
2024-09-22T21:41:50-0600,CmfcF31UlqWJbhm0Ol,10.11.75.222,1284,10.11.76.25,25,amjadexport.com,http://amjadexport.com
2024-09-22T21:41:50-0600,CUcWAA168oqdrc5q9a,10.11.75.222,1294,10.11.76.25,25,amrapaliheartbeatcity.com,http://amrapaliheartbeatcity.com
2024-09-22T21:41:50-0600,ClpTb4AYMfjWx3qB7,10.11.75.222,1304,10.11.76.25,25,aoesync.com,http://aoesync.com
2024-09-22T21:41:50-0600,CPprsn91emKm1FOA9,10.11.75.222,1314,10.11.76.25,25,aosafrica.co.za,http://aosafrica.co.za
2024-09-22T21:41:50-0600,CaDtBVANiWYLTeuBd,10.11.75.222,1324,10.11.76.25,25,apf.ceprone.com,http://apf.ceprone.com
2024-09-22T21:41:50-0600,CD4UlmZGyHEM5H6a3,10.11.75.222,1334,10.11.76.25,25,api.52kkg.com,http://api.52kkg.com
2024-09-22T21:41:50-0600,CW91zz3QPHiCak6pWh,10.11.75.222,1344,10.11.76.25,25,arctus.ca,http://arctus.ca
2024-09-22T21:41:50-0600,Cf2ZCj1XPGsIvuXhe6,10.11.75.222,1354,10.11.76.25,25,artmarcas.ceprone.com,http://artmarcas.ceprone.com
2024-09-22T21:41:50-0600,CsAlMl4jkAvj4B8ykg,10.11.75.222,1364,10.11.76.25,25,atsegypt.com,http://atsegypt.com
2024-09-22T21:41:50-0600,CU3ogY2u1aNDwljGti,10.11.75.222,1374,10.11.76.25,25,atsknightsbridge.in,http://atsknightsbridge.in
2024-09-22T21:41:50-0600,CluL6uCGy7HovMRA7,10.11.75.222,1384,10.11.76.25,25,aulist.com,http://aulist.com
2024-09-22T21:41:50-0600,CDtbiOBoGKJYP6R12,10.11.75.222,1394,10.11.76.25,25,automaticwebui.com,http://automaticwebui.com
2024-09-22T21:41:51-0600,CUMiBb2ctXZdD681a2,10.11.75.222,1404,10.11.76.25,25,(empty),http://avast
2024-09-22T21:41:51-0600,C6Ak4M9bxgyfKl5Ve,10.11.75.222,1414,10.11.76.25,25,(empty),http://avast
2024-09-22T21:41:51-0600,CHu3S62MjI6Aawrxrc,10.11.75.222,1424,10.11.76.25,25,avastcsw.com,http://avastcsw.com
2024-09-22T21:41:51-0600,CHkix12HHKFW4kdFkb,10.11.75.222,1434,10.11.76.25,25,avastop.com,http://avastop.com
2024-09-22T21:41:51-0600,C9Wud5Zd54hfjvGV2,10.11.75.222,1444,10.11.76.25,25,avastpx.com,http://avastpx.com
2024-09-22T21:41:51-0600,CsLjTb18am7E6oykIa,10.11.75.222,1454,10.11.76.25,25,avastsf.com,http://avastsf.com
2024-09-22T21:41:51-0600,CsUTSl259attkeYD8i,10.11.75.222,1464,10.11.76.25,25,bahrabeauty.com,http://bahrabeauty.com
2024-09-22T21:41:51-0600,C4ZyyM1mMpknfltEAk,10.11.75.222,1474,10.11.76.25,25,banydox.com,http://banydox.com
2024-09-22T21:41:51-0600,C0Twjj1Pjt5sFAOrAj,10.11.75.222,1484,10.11.76.25,25,bazarganadero.com,http://bazarganadero.com
2024-09-22T21:41:51-0600,CWX7ScOLzTNYbPru8,10.11.75.222,1494,10.11.76.25,25,belapornatureza.com.br,http://belapornatureza.com.br
2024-09-22T21:41:51-0600,C8k2g91IWtvKidOmsl,10.11.75.222,1504,10.11.76.25,25,betrothrow.art,http://betrothrow.art
2024-09-22T21:41:51-0600,CKCEM5MmNmkQNApM2,10.11.75.222,1514,10.11.76.25,25,bitkiselurunsiparis.com,http://bitkiselurunsiparis.com
2024-09-22T21:41:52-0600,CNbfwW1nku1x4avTX7,10.11.75.222,1524,10.11.76.25,25,blathertom.info,http://blathertom.info
2024-09-22T21:41:52-0600,CE1dZhQXYZfTj3tgj,10.11.75.222,1534,10.11.76.25,25,blogdokter.online,http://blogdokter.online
2024-09-22T21:41:52-0600,CRyEWW2gknT3srp0gb,10.11.75.222,1544,10.11.76.25,25,brickkiln.org,http://brickkiln.org
2024-09-22T21:41:52-0600,CUapdM2vuk9SPvt9W7,10.11.75.222,1554,10.11.76.25,25,brightorbitconsultancy.com,http://brightorbitconsultancy.com
2024-09-22T21:41:52-0600,CJpzv03cYPiSPcAQ47,10.11.75.222,1564,10.11.76.25,25,bruiserbodies.com,http://bruiserbodies.com
2024-09-22T21:41:52-0600,Cwddt52RFzvZQd0Wf4,10.11.75.222,1574,10.11.76.25,25,brunafarinonpediatra.com.br,http://brunafarinonpediatra.com.br
2024-09-22T21:41:52-0600,Ciq5KA2Bxzp1igHJPf,10.11.75.222,1584,10.11.76.25,25,bsa.bsafesafety.com,http://bsa.bsafesafety.com
2024-09-22T21:41:52-0600,CwLbel4msqQ36ZILI9,10.11.75.222,1594,10.11.76.25,25,buscascolegios.diit.cl,http://buscascolegios.diit.cl
2024-09-22T21:41:52-0600,CFNI012KTrv0Mlank,10.11.75.222,1604,10.11.76.25,25,by.haory.cn,http://by.haory.cn
2024-09-22T21:41:52-0600,CZVjE9494VCYpTfXSg,10.11.75.222,1614,10.11.76.25,25,caca.szcoolgame.com,http://caca.szcoolgame.com
2024-09-22T21:41:53-0600,C2gwh93GS80N2UGida,10.11.75.222,1624,10.11.76.25,25,cajgtus.com,http://cajgtus.com
2024-09-22T21:41:53-0600,Cf9wFxdi3weR1zT8,10.11.75.222,1634,10.11.76.25,25,catbaparadisehotel.com.vn,http://catbaparadisehotel.com.vn
2024-09-22T21:41:53-0600,CDQNJF1gMVByebHjdf,10.11.75.222,1644,10.11.76.25,25,catkinlows.info,http://catkinlows.info
2024-09-22T21:41:53-0600,CHVNx71L1jGLHZhxg,10.11.75.222,1654,10.11.76.25,25,cdaonline.com.ar,http://cdaonline.com.ar
2024-09-22T21:41:53-0600,CAl0d12eDe9ODusWGf,10.11.75.222,1664,10.11.76.25,25,ceprone.com,http://ceprone.com
2024-09-22T21:41:53-0600,CcBirt3R1l5q3mazog,10.11.75.222,1674,10.11.76.25,25,checkout.ceprone.com,http://checkout.ceprone.com
2024-09-22T21:41:53-0600,CxsLH7bAK3vzSS1S6,10.11.75.222,1684,10.11.76.25,25,chefspavilion.com,http://chefspavilion.com
2024-09-22T21:41:53-0600,CYv47O2RS4MDujYgol,10.11.75.222,1694,10.11.76.25,25,ciscocdn.com,http://ciscocdn.com
2024-09-22T21:41:54-0600,CkDPxU1sXIbQmj1Bn8,10.11.75.222,1704,10.11.76.25,25,ciwa.ceprone.com,http://ciwa.ceprone.com
2024-09-22T21:41:54-0600,CHr6hz1a06sE1vCOwg,10.11.75.222,1714,10.11.76.25,25,cl0udhaven.com,http://cl0udhaven.com
2024-09-22T21:41:54-0600,CXTc5skfbqlQto6Ue,10.11.75.222,1724,10.11.76.25,25,cloud.antharris.top,http://cloud.antharris.top
2024-09-22T21:41:54-0600,CUhShN2rV56Rj2iXUb,10.11.75.222,1734,10.11.76.25,25,coadymarine.com,http://coadymarine.com
2024-09-22T21:41:54-0600,CM2cml1H9kLogFrZXh,10.11.75.222,1744,10.11.76.25,25,contemega.com.do,http://contemega.com.do
2024-09-22T21:41:54-0600,CAg58A4u4daZmMXvbi,10.11.75.222,1754,10.11.76.25,25,cp.blazemvpn.com,http://cp.blazemvpn.com
2024-09-22T21:41:54-0600,Cn7MMg3md0vVawfT81,10.11.75.222,1764,10.11.76.25,25,(empty),http://cpanel
2024-09-22T21:41:55-0600,CU62C5vEzu7NIfkf9,10.11.75.222,1774,10.11.76.25,25,criapediatria.com.br,http://criapediatria.com.br
2024-09-22T21:41:55-0600,Ci8Pld173gIQi71P3,10.11.75.222,1784,10.11.76.25,25,(empty),http://crome
2024-09-22T21:41:55-0600,CkQXWrbd6Wv3LtQN2,10.11.75.222,1794,10.11.76.25,25,d.qqzx.cc,http://d.qqzx.cc
2024-09-22T21:41:55-0600,CjKmp542p8X2929aZ8,10.11.75.222,1804,10.11.76.25,25,daretodream.cloud,http://daretodream.cloud
2024-09-22T21:41:55-0600,CadIls1YoWfy7BkcTg,10.11.75.222,1814,10.11.76.25,25,davincibellasartes.es,http://davincibellasartes.es
2024-09-22T21:41:55-0600,C5sqMG11xQJRpwCVeb,10.11.75.222,1824,10.11.76.25,25,deauduafzgezzfgm.top,http://deauduafzgezzfgm.top
2024-09-22T21:41:55-0600,CVoG8Y36294o3vNrm7,10.11.75.222,1834,10.11.76.25,25,dedecms.xueshenit.com,http://dedecms.xueshenit.com
2024-09-22T21:41:56-0600,Cth6FRIjMmKdfQ4Fb,10.11.75.222,1844,10.11.76.25,25,dedify.de,http://dedify.de
2024-09-22T21:41:56-0600,CQHgxi1xJkVGFd2K83,10.11.75.222,1854,10.11.76.25,25,defgyma.com,http://defgyma.com
2024-09-22T21:41:56-0600,CSigil3zF1pQNrMyWg,10.11.75.222,1864,10.11.76.25,25,(empty),http://demo
2024-09-22T21:41:56-0600,C8i5Jh1VMBluMPt9Ih,10.11.75.222,1874,10.11.76.25,25,dfgdfgfhgjfggedfgdfhvh.xyz,http://dfgdfgfhgjfggedfgdfhvh.xyz
2024-09-22T21:41:56-0600,CGo0X63aCdOzdu42D3,10.11.75.222,1884,10.11.76.25,25,dhnconstrucciones.com.ar,http://dhnconstrucciones.com.ar
2024-09-22T21:41:56-0600,CR0gZCnlBdqmVE8Ul,10.11.75.222,1894,10.11.76.25,25,diclegrup.org,http://diclegrup.org
2024-09-22T21:41:57-0600,Cc7f2HoDMNPljrnd9,10.11.75.222,1904,10.11.76.25,25,dl.1003b.56a.com,http://dl.1003b.56a.com
2024-09-22T21:41:57-0600,CyYxU83NH0g5ZACUa,10.11.75.222,1914,10.11.76.25,25,dl.packetstormsecurity.net,http://dl.packetstormsecurity.net
2024-09-22T21:41:57-0600,CV8lFK3n5tlxpfOyU1,10.11.75.222,1924,10.11.76.25,25,dld.jxwan.com,http://dld.jxwan.com
2024-09-22T21:41:57-0600,CBwWdq2oNnkh9GQ9Fa,10.11.75.222,1934,10.11.76.25,25,dnarchitetti.com,http://dnarchitetti.com
2024-09-22T21:41:57-0600,CNrXUg2GtjqCSCo7K6,10.11.75.222,1944,10.11.76.25,25,dnvk1.info,http://dnvk1.info
2024-09-22T21:41:57-0600,C2W8j241c88WKAdtU9,10.11.75.222,1954,10.11.76.25,25,down.fwqlt.com,http://down.fwqlt.com
2024-09-22T21:41:58-0600,CAk0Iz43hHJKf3dQ8b,10.11.75.222,1964,10.11.76.25,25,down.pcclear.com,http://down.pcclear.com
2024-09-22T21:41:58-0600,CH7sUe2BgU5gPNcMQ5,10.11.75.222,1974,10.11.76.25,25,down.qqfarmer.com.cn,http://down.qqfarmer.com.cn
2024-09-22T21:41:58-0600,ChGE2L3GhMQkslN0ad,10.11.75.222,1984,10.11.76.25,25,download.caihong.com,http://download.caihong.com
2024-09-22T21:41:58-0600,C0rm1Z1FBysl2Vgxgl,10.11.75.222,1994,10.11.76.25,25,download.doumaibiji.cn,http://download.doumaibiji.cn
2024-09-22T21:41:58-0600,CrDFha4VeqbawvM9Z4,10.11.75.222,2004,10.11.76.25,25,download.pdf00.cn,http://download.pdf00.cn
2024-09-22T21:41:59-0600,CjVzP21rzJvU1fz1w9,10.11.75.222,2014,10.11.76.25,25,eb2a.live,http://eb2a.live
2024-09-23T17:42:14-0600,Cf5EjWhvPBlopmhTh,10.11.75.222,1034,10.11.76.25,25,0xf20b415.ru,http://0xf20b415.ru
2024-09-23T17:42:14-0600,CxS4a93S6zh1ChVOi6,10.11.75.222,1044,10.11.76.25,25,1.bdl99down.kukulaa.cn,http://1.bdl99down.kukulaa.cn
2024-09-23T17:42:14-0600,CqkUDe4kuwzpZDOjg2,10.11.75.222,1054,10.11.76.25,25,13194.funian.life,http://13194.funian.life
2024-09-23T17:42:14-0600,CaEJrI954ZhXWvQY,10.11.75.222,1064,10.11.76.25,25,139520.aioc.qbgxl.com,http://139520.aioc.qbgxl.com
2024-09-23T17:42:14-0600,CAY8Sd3x4lWksXQPc5,10.11.75.222,1074,10.11.76.25,25,1717.1000uc.com,http://1717.1000uc.com
2024-09-23T17:42:14-0600,CUWTxBbsRbw1yfhz4,10.11.75.222,1084,10.11.76.25,25,2.haory.cn,http://2.haory.cn
2024-09-23T17:42:14-0600,CXiqXP3hI8KIzBpKca,10.11.75.222,1094,10.11.76.25,25,360down7.miiyun.cn,http://360down7.miiyun.cn
2024-09-23T17:42:14-0600,CTHMD62IscYGwfevK7,10.11.75.222,1104,10.11.76.25,25,912648.aioc.qbgxl.com,http://912648.aioc.qbgxl.com
2024-09-23T17:42:14-0600,Cgh0Po4kVpGrO44eh4,10.11.75.222,1114,10.11.76.25,25,abissnet.net,http://abissnet.net
2024-09-23T17:42:14-0600,CsCApF2TJJMmKGHxc5,10.11.75.222,1124,10.11.76.25,25,absa.ceprone.com,http://absa.ceprone.com
2024-09-23T17:42:14-0600,CtXJTp3DR5tWev0fJ4,10.11.75.222,1134,10.11.76.25,25,acknowledgementforproject.com,http://acknowledgementforproject.com
2024-09-23T17:42:14-0600,CPYq1o3FiF43G5R2r7,10.11.75.222,1144,10.11.76.25,25,adf6.adf6.com,http://adf6.adf6.com
2024-09-23T17:42:14-0600,CU7iFMjNOcfa6qk96,10.11.75.222,1154,10.11.76.25,25,admin.antharris.top,http://admin.antharris.top
2024-09-23T17:42:14-0600,CsLxEB4zkvwPDVVIgc,10.11.75.222,1164,10.11.76.25,25,admin.econ.gg,http://admin.econ.gg
2024-09-23T17:42:14-0600,Cknfj7COvIzRLEosf,10.11.75.222,1174,10.11.76.25,25,aefieiaehfiaehr.top,http://aefieiaehfiaehr.top
2024-09-23T17:42:14-0600,Cur8a34HfW4FYFIED,10.11.75.222,1184,10.11.76.25,25,aeufoeahfouefhg.top,http://aeufoeahfouefhg.top
2024-09-23T17:42:14-0600,CMeziwhU3kcEkQz88,10.11.75.222,1194,10.11.76.25,25,af.peertube.red,http://af.peertube.red
2024-09-23T17:42:14-0600,CiUMLO3XSXihhgze04,10.11.75.222,1204,10.11.76.25,25,aiiaiafrzrueuedur.net,http://aiiaiafrzrueuedur.net
2024-09-23T17:42:14-0600,C4DVIm25zHudIhBDo,10.11.75.222,1214,10.11.76.25,25,airbluefootgear.com,http://airbluefootgear.com
2024-09-23T17:42:14-0600,CsLFP647j2KAlDSZz1,10.11.75.222,1224,10.11.76.25,25,airhobi.com,http://airhobi.com
2024-09-23T17:42:14-0600,C0zpdI2AzDqvZ7NjD6,10.11.75.222,1234,10.11.76.25,25,ajp.ceprone.com,http://ajp.ceprone.com
2024-09-23T17:42:14-0600,CBKpCR3zfGK50724q4,10.11.75.222,1244,10.11.76.25,25,aldiablo.cl,http://aldiablo.cl
2024-09-23T17:42:14-0600,Csx84f4gd8Qtm2k5Ck,10.11.75.222,1254,10.11.76.25,25,almrwad.com,http://almrwad.com
2024-09-23T17:42:14-0600,Cr6apc3HKguKrd9qei,10.11.75.222,1264,10.11.76.25,25,alsadekllc.com,http://alsadekllc.com
2024-09-23T17:42:14-0600,CU45TC4Roc90gqSI77,10.11.75.222,1274,10.11.76.25,25,ambiencetivertonn.com,http://ambiencetivertonn.com
2024-09-23T17:42:15-0600,CKzHVd104cg8pyg6u9,10.11.75.222,1284,10.11.76.25,25,ambyverce.com,http://ambyverce.com
2024-09-23T17:42:15-0600,CzXRZ91PQaVdc9rRnc,10.11.75.222,1294,10.11.76.25,25,amiguinhos.ceprone.com,http://amiguinhos.ceprone.com
2024-09-23T17:42:15-0600,CeYnCs4Pokj5HIE3v4,10.11.75.222,1304,10.11.76.25,25,amjadexport.com,http://amjadexport.com
2024-09-23T17:42:15-0600,C2WaJs31gD4Vnhlh12,10.11.75.222,1314,10.11.76.25,25,amrapaliheartbeatcity.com,http://amrapaliheartbeatcity.com
2024-09-23T17:42:15-0600,CQgNU32bpuBZ8z5e4f,10.11.75.222,1324,10.11.76.25,25,antharris.top,http://antharris.top
2024-09-23T17:42:15-0600,CPWiBQpc0iJpRdFzh,10.11.75.222,1334,10.11.76.25,25,aoesync.com,http://aoesync.com
2024-09-23T17:42:15-0600,CrX9zl1RaL42pg1NH4,10.11.75.222,1344,10.11.76.25,25,aosafrica.co.za,http://aosafrica.co.za
2024-09-23T17:42:15-0600,Cwak0p2wXCXFpMzuOb,10.11.75.222,1354,10.11.76.25,25,apf.ceprone.com,http://apf.ceprone.com
2024-09-23T17:42:15-0600,CPgshe3ouLQfJ3NL4l,10.11.75.222,1364,10.11.76.25,25,api.52kkg.com,http://api.52kkg.com
2024-09-23T17:42:15-0600,C5x0h01YBPKP0VEWgf,10.11.75.222,1374,10.11.76.25,25,arctus.ca,http://arctus.ca
2024-09-23T17:42:15-0600,CmhXl21qzn1ykM6e66,10.11.75.222,1384,10.11.76.25,25,artmarcas.ceprone.com,http://artmarcas.ceprone.com
2024-09-23T17:42:15-0600,CJq3W53PBElY4FikL2,10.11.75.222,1394,10.11.76.25,25,atsegypt.com,http://atsegypt.com
2024-09-23T17:42:15-0600,CP61Ky4ITfvlMwfYaj,10.11.75.222,1404,10.11.76.25,25,atsknightsbridge.in,http://atsknightsbridge.in
2024-09-23T17:42:15-0600,C7RCB24k3lAwFmRx28,10.11.75.222,1414,10.11.76.25,25,aulist.com,http://aulist.com
2024-09-23T17:42:15-0600,CKIwWX2KO9AvC9Wd28,10.11.75.222,1424,10.11.76.25,25,automaticwebui.com,http://automaticwebui.com
2024-09-23T17:42:16-0600,CSQFIq15ffOARJZOu3,10.11.75.222,1434,10.11.76.25,25,(empty),http://avast
2024-09-23T17:42:16-0600,CH7M9NH3Up1cmXara,10.11.75.222,1444,10.11.76.25,25,(empty),http://avast
2024-09-23T17:42:16-0600,CjjSH22QHsMZ8b7a2l,10.11.75.222,1454,10.11.76.25,25,avastcsw.com,http://avastcsw.com
2024-09-23T17:42:16-0600,CiA6cVr0RPfqFLyw2,10.11.75.222,1464,10.11.76.25,25,avastop.com,http://avastop.com
2024-09-23T17:42:16-0600,CJFqRn3nSvpD3vdBD3,10.11.75.222,1474,10.11.76.25,25,avastpx.com,http://avastpx.com
2024-09-23T17:42:16-0600,CwoLbI1xBLZYZzJ4Og,10.11.75.222,1484,10.11.76.25,25,avastsf.com,http://avastsf.com
2024-09-23T17:42:16-0600,CxAGYX2ycDnbCK8eEh,10.11.75.222,1494,10.11.76.25,25,bahrabeauty.com,http://bahrabeauty.com
2024-09-23T17:42:16-0600,CEc5k23XVP0Cjb404a,10.11.75.222,1504,10.11.76.25,25,banydox.com,http://banydox.com
2024-09-23T17:42:16-0600,CGef2n46Auhxo4OJcd,10.11.75.222,1514,10.11.76.25,25,bazarganadero.com,http://bazarganadero.com
2024-09-23T17:42:16-0600,Cfrdxh4TvnPbtZD5Eg,10.11.75.222,1524,10.11.76.25,25,belapornatureza.com.br,http://belapornatureza.com.br
2024-09-23T17:42:16-0600,C8qZkL14lEGoYVQ5Wh,10.11.75.222,1534,10.11.76.25,25,betrothrow.art,http://betrothrow.art
2024-09-23T17:42:17-0600,CnpvT24T80FZmw0Pff,10.11.75.222,1544,10.11.76.25,25,bitkiselurunsiparis.com,http://bitkiselurunsiparis.com
2024-09-23T17:42:17-0600,C3a2Yc45vUidBvVaa1,10.11.75.222,1554,10.11.76.25,25,blathertom.info,http://blathertom.info
2024-09-23T17:42:17-0600,CojzRj1VplRSu8lPe9,10.11.75.222,1564,10.11.76.25,25,blogdokter.online,http://blogdokter.online
2024-09-23T17:42:17-0600,Cjdjle2W6BtoIOSvwb,10.11.75.222,1574,10.11.76.25,25,brickkiln.org,http://brickkiln.org
2024-09-23T17:42:17-0600,CKm2NM1crMIJHgqPek,10.11.75.222,1584,10.11.76.25,25,brightorbitconsultancy.com,http://brightorbitconsultancy.com
2024-09-23T17:42:17-0600,CLKjwoWGPgy1HoSW2,10.11.75.222,1594,10.11.76.25,25,bruiserbodies.com,http://bruiserbodies.com
2024-09-23T17:42:17-0600,CAw2ah2zWjtQUNW4Xc,10.11.75.222,1604,10.11.76.25,25,brunafarinonpediatra.com.br,http://brunafarinonpediatra.com.br
2024-09-23T17:42:17-0600,CuYjJb4P8467XW9ODj,10.11.75.222,1614,10.11.76.25,25,bsa.bsafesafety.com,http://bsa.bsafesafety.com
2024-09-23T17:42:17-0600,CaiFDg4sIYZE59iXT3,10.11.75.222,1624,10.11.76.25,25,buscascolegios.diit.cl,http://buscascolegios.diit.cl
2024-09-23T17:42:18-0600,C1myux4fm17gqfbpb2,10.11.75.222,1634,10.11.76.25,25,by.haory.cn,http://by.haory.cn
2024-09-23T17:42:18-0600,Cap1XkwHvHZ4Q3yo6,10.11.75.222,1644,10.11.76.25,25,caca.szcoolgame.com,http://caca.szcoolgame.com
2024-09-23T17:42:18-0600,Ckvm8H2MAmXbldhh24,10.11.75.222,1654,10.11.76.25,25,cajgtus.com,http://cajgtus.com
2024-09-23T17:42:18-0600,CJ5BVk3JtPfkwmmQu4,10.11.75.222,1664,10.11.76.25,25,caprolactam.co.in,http://caprolactam.co.in
2024-09-23T17:42:18-0600,CYPJfi2CVowSXzaIAj,10.11.75.222,1674,10.11.76.25,25,catbaparadisehotel.com.vn,http://catbaparadisehotel.com.vn
2024-09-23T17:42:18-0600,CwUMMo1xGM2OGyRHb9,10.11.75.222,1684,10.11.76.25,25,catkinlows.info,http://catkinlows.info
2024-09-23T17:42:18-0600,CF7EuPODWzXRtw7j,10.11.75.222,1694,10.11.76.25,25,cdaonline.com.ar,http://cdaonline.com.ar
2024-09-23T17:42:18-0600,CImgKk1eR0ZP54zPa1,10.11.75.222,1704,10.11.76.25,25,ceprone.com,http://ceprone.com
2024-09-23T17:42:19-0600,CCpHwJ1L1AFZFBV0Sf,10.11.75.222,1714,10.11.76.25,25,checkout.ceprone.com,http://checkout.ceprone.com
2024-09-23T17:42:19-0600,CB9C3h35DygpaVPJi5,10.11.75.222,1724,10.11.76.25,25,chefspavilion.com,http://chefspavilion.com
2024-09-23T17:42:19-0600,CLSGvr3sLVeRWWwzF4,10.11.75.222,1734,10.11.76.25,25,ciscocdn.com,http://ciscocdn.com
2024-09-23T17:42:19-0600,C8n1h342XSrUbyiwkh,10.11.75.222,1744,10.11.76.25,25,ciwa.ceprone.com,http://ciwa.ceprone.com
2024-09-23T17:42:19-0600,Cf1gwr3vQqBIaoWOc7,10.11.75.222,1754,10.11.76.25,25,cl0udhaven.com,http://cl0udhaven.com
2024-09-23T17:42:19-0600,Cr7Hey1OjajbT0FxBi,10.11.75.222,1764,10.11.76.25,25,coadymarine.com,http://coadymarine.com
2024-09-23T17:42:19-0600,CTyWxl4klUFPXzu6jk,10.11.75.222,1774,10.11.76.25,25,contemega.com.do,http://contemega.com.do
2024-09-23T17:42:20-0600,Cyu6hj3SUcoc7eoQy3,10.11.75.222,1784,10.11.76.25,25,cp.blazemvpn.com,http://cp.blazemvpn.com
2024-09-23T17:42:20-0600,CKFXE5Wtl0u4QaIr6,10.11.75.222,1794,10.11.76.25,25,(empty),http://cpanel
2024-09-23T17:42:20-0600,CtYAEK2JTH6hbVOWQ2,10.11.75.222,1804,10.11.76.25,25,criapediatria.com.br,http://criapediatria.com.br
2024-09-23T17:42:20-0600,CCI4jUtePA3PsDt4b,10.11.75.222,1814,10.11.76.25,25,(empty),http://crome
2024-09-23T17:42:20-0600,CFXELO137znVyCKqv1,10.11.75.222,1824,10.11.76.25,25,d.qqzx.cc,http://d.qqzx.cc
2024-09-23T17:42:20-0600,CXF9vG1HBjNxFkAsF2,10.11.75.222,1834,10.11.76.25,25,daretodream.cloud,http://daretodream.cloud
2024-09-23T17:42:20-0600,CYnFhu1WUXMOdM7FD6,10.11.75.222,1844,10.11.76.25,25,davincibellasartes.es,http://davincibellasartes.es
2024-09-23T17:42:21-0600,Cy0NZ72FmEqNLQ7P6h,10.11.75.222,1854,10.11.76.25,25,deauduafzgezzfgm.top,http://deauduafzgezzfgm.top
2024-09-23T17:42:21-0600,ChxA4mHbqu4PVjSzd,10.11.75.222,1864,10.11.76.25,25,dedecms.xueshenit.com,http://dedecms.xueshenit.com
2024-09-23T17:42:21-0600,CD6yN14WA160BQTmti,10.11.75.222,1874,10.11.76.25,25,dedify.de,http://dedify.de
2024-09-23T17:42:21-0600,CX7iAI1pdh2bqpuhn8,10.11.75.222,1884,10.11.76.25,25,defgyma.com,http://defgyma.com
2024-09-23T17:42:21-0600,CndH493qHWtPafP851,10.11.75.222,1894,10.11.76.25,25,(empty),http://demo
2024-09-23T17:42:21-0600,CsaVc34Wfyp9JKrpK8,10.11.75.222,1904,10.11.76.25,25,dfgdfgfhgjfggedfgdfhvh.xyz,http://dfgdfgfhgjfggedfgdfhvh.xyz
2024-09-23T17:42:22-0600,C4RD13mPrZnK2Ht8l,10.11.75.222,1914,10.11.76.25,25,dhnconstrucciones.com.ar,http://dhnconstrucciones.com.ar
2024-09-23T17:42:22-0600,C5CvdoL2toaJpbMl3,10.11.75.222,1924,10.11.76.25,25,diclegrup.org,http://diclegrup.org
2024-09-23T17:42:22-0600,Coy7Dl3foYnhbL5HD9,10.11.75.222,1934,10.11.76.25,25,dl.1003b.56a.com,http://dl.1003b.56a.com
2024-09-23T17:42:22-0600,C3vbLi1TohINmIdw8g,10.11.75.222,1944,10.11.76.25,25,dl.aginjector.com,http://dl.aginjector.com
2024-09-23T17:42:22-0600,CiLjyP1OjeE2DwoRJ6,10.11.75.222,1954,10.11.76.25,25,dld.jxwan.com,http://dld.jxwan.com
2024-09-23T17:42:23-0600,CKPgCi82oGXPfEnI8,10.11.75.222,1964,10.11.76.25,25,dnarchitetti.com,http://dnarchitetti.com
2024-09-23T17:42:23-0600,CWBD034OZuqFrI8Myf,10.11.75.222,1974,10.11.76.25,25,dnvk1.info,http://dnvk1.info
2024-09-23T17:42:23-0600,CQFZ1a2yvop5Ddk3El,10.11.75.222,1984,10.11.76.25,25,down.fwqlt.com,http://down.fwqlt.com
2024-09-23T17:42:23-0600,CdDGEp3NG794EU4Nki,10.11.75.222,1994,10.11.76.25,25,down.pcclear.com,http://down.pcclear.com
2024-09-23T17:42:23-0600,C1XJVO1yA4zyiWlgMj,10.11.75.222,2004,10.11.76.25,25,down.qqfarmer.com.cn,http://down.qqfarmer.com.cn
